id,title,release_date,popularity,vote_average,genre_ids,genres,year,revenue,budget
1241436,Warfare,2025-04-09,485.3223,7.158,"(10752, 28)","['War', 'Action']",2025,29865776.0,20000000.0
950387,A Minecraft Movie,2025-03-31,409.3111,6.3,"(10751, 35, 12, 14)","['Family', 'Comedy', 'Adventure', 'Fantasy']",2025,910163240.0,150000000.0
977294,Tin Soldier,2025-05-22,383.402,0.0,"(28, 53)","['Action', 'Thriller']",2025,0.0,45000000.0
1144430,Last Bullet,2025-05-06,377.9668,6.821,"(28, 80, 53)","['Action', 'Crime', 'Thriller']",2025,0.0,0.0
447273,Snow White,2025-03-12,313.0346,4.365,"(10751, 14)","['Family', 'Fantasy']",2025,204038186.0,270000000.0
986056,Thunderbolts*,2025-04-30,311.0163,7.509,"(28, 878, 12)","['Action', 'Science Fiction', 'Adventure']",2025,273954868.0,180000000.0
1197306,A Working Man,2025-03-26,278.6269,6.518,"(28, 80, 53)","['Action', 'Crime', 'Thriller']",2025,98652557.0,40000000.0
897160,Brave Citizen,2023-10-25,266.1092,7.1,"(28, 18, 35)","['Action', 'Drama', 'Comedy']",2023,2116112.0,0.0
1233069,Exterritorial,2025-04-29,263.8193,6.651,"(53, 28)","['Thriller', 'Action']",2025,0.0,0.0
1359977,Conjuring the Cult,2024-10-01,245.5828,4.231,"(27, 18)","['Horror', 'Drama']",2024,0.0,0.0
822119,Captain America: Brave New World,2025-02-12,193.3446,6.1,"(28, 53, 878)","['Action', 'Thriller', 'Science Fiction']",2025,415082730.0,180000000.0
1323784,Bad Influence,2025-01-24,181.7,5.634,"(53, 18, 10749)","['Thriller', 'Drama', 'Romance']",2025,0.0,0.0
710258,Rust,2025-05-01,175.7755,6.4,"(37,)",['Western'],2025,0.0,0.0
1260820,Stream,2024-02-06,173.257,6.813,"(27,)",['Horror'],2024,0.0,0.0
574475,Final Destination Bloodlines,2025-05-09,161.8712,7.2,"(27, 9648)","['Horror', 'Mystery']",2025,0.0,40000000.0
324544,In the Lost Lands,2025-02-27,161.4615,6.347,"(28, 14, 12)","['Action', 'Fantasy', 'Adventure']",2025,4755330.0,55000000.0
1153714,Death of a Unicorn,2025-03-27,142.4777,6.5,"(27, 14, 35, 12, 878)","['Horror', 'Fantasy', 'Comedy', 'Adventure', 'Science Fiction']",2025,15983827.0,15000000.0
668489,Havoc,2025-04-25,139.5356,6.518,"(28, 80, 53)","['Action', 'Crime', 'Thriller']",2025,0.0,90000000.0
1233413,Sinners,2025-04-16,125.2988,7.6,"(27, 53)","['Horror', 'Thriller']",2025,287139234.0,90000000.0
302946,The Accountant,2016-10-13,123.9035,7.1,"(80, 53, 18)","['Crime', 'Thriller', 'Drama']",2016,155160045.0,44000000.0
71689,Phineas and Ferb The Movie: Across the 2nd Dimension,2011-08-05,27.2743,7.077,"(16, 35, 10751, 10770, 878, 12, 28, 10402)","['Animation', 'Comedy', 'Family', 'TV Movie', 'Science Fiction', 'Adventure', 'Action', 'Music']",2011,0.0,0.0
1195430,Deva,2025-01-31,26.9864,6.021,"(28, 53, 9648, 80)","['Action', 'Thriller', 'Mystery', 'Crime']",2025,6705000.0,5882000.0
1118031,Apocalypse Z: The Beginning of the End,2024-10-04,26.8079,6.722,"(18, 28, 27)","['Drama', 'Action', 'Horror']",2024,500000.0,0.0
338952,Fantastic Beasts: The Crimes of Grindelwald,2018-11-14,26.7063,6.846,"(14, 12)","['Fantasy', 'Adventure']",2018,654900000.0,200000000.0
1312833,A Knight's War,2025-02-07,26.6826,5.4,"(27, 28, 14)","['Horror', 'Action', 'Fantasy']",2025,0.0,0.0
995926,"I, the Executioner",2024-09-13,26.4214,6.946,"(28, 80)","['Action', 'Crime']",2024,53453611.0,0.0
1101401,Sugar Baby,2024-10-15,26.1971,6.038,"(53, 35)","['Thriller', 'Comedy']",2024,0.0,0.0
1321952,"Sofia, the Possession",2024-10-31,26.085,6.6,"(27,)",['Horror'],2024,0.0,0.0
458897,Charlie's Angels,2019-11-14,25.7052,6.415,"(28, 12, 35)","['Action', 'Adventure', 'Comedy']",2019,73279888.0,48000000.0
371645,Hunt for the Wilderpeople,2016-03-31,26.5404,7.646,"(12, 35, 18)","['Adventure', 'Comedy', 'Drama']",2016,23900000.0,2500000.0
1233575,Black Bag,2025-03-12,26.4236,6.3,"(53, 9648, 18)","['Thriller', 'Mystery', 'Drama']",2025,34985600.0,50000000.0
10674,Mulan,1998-06-18,26.3285,7.906,"(16, 10751, 12)","['Animation', 'Family', 'Adventure']",1998,304320254.0,90000000.0
426063,Nosferatu,2024-12-25,26.2728,6.7,"(27, 14)","['Horror', 'Fantasy']",2024,180928503.0,50000000.0
1145608,Marcello Mio,2024-05-21,26.2036,5.8,"(35, 18)","['Comedy', 'Drama']",2024,0.0,0.0
1321326,The Haunted Apartment: “Miss K”,2024-12-25,26.1413,5.833,"(27, 53, 9648)","['Horror', 'Thriller', 'Mystery']",2024,0.0,0.0
9358,Final Destination 2,2003-01-31,25.9963,6.264,"(27, 9648)","['Horror', 'Mystery']",2003,90941129.0,26000000.0
348350,Solo: A Star Wars Story,2018-05-15,25.9911,6.558,"(878, 12, 28)","['Science Fiction', 'Adventure', 'Action']",2018,392952373.0,250000000.0
954,Mission: Impossible,1996-05-22,25.9088,6.996,"(12, 28, 53)","['Adventure', 'Action', 'Thriller']",1996,457696391.0,80000000.0
27205,Inception,2010-07-15,25.7196,8.368,"(28, 878, 12)","['Action', 'Science Fiction', 'Adventure']",2010,839030630.0,160000000.0
774370,Dog Man,2025-01-24,25.6676,7.786,"(16, 10751, 35, 12)","['Animation', 'Family', 'Comedy', 'Adventure']",2025,144205355.0,40000000.0
823464,Godzilla x Kong: The New Empire,2024-03-27,25.516,7.092,"(28, 12, 878)","['Action', 'Adventure', 'Science Fiction']",2024,571750016.0,150000000.0
14836,Coraline,2009-02-05,25.4187,7.9,"(16, 10751, 14)","['Animation', 'Family', 'Fantasy']",2009,185860104.0,60000000.0
1165067,Cosmic Chaos,2023-08-03,25.413,6.064,"(53, 878)","['Thriller', 'Science Fiction']",2023,0.0,0.0
1201176,Easter Bloody Easter,2024-03-25,25.3918,4.5,"(27, 35, 14)","['Horror', 'Comedy', 'Fantasy']",2024,0.0,0.0
198663,The Maze Runner,2014-09-10,25.3844,7.189,"(28, 9648, 878, 53)","['Action', 'Mystery', 'Science Fiction', 'Thriller']",2014,348319861.0,34000000.0
329865,Arrival,2016-11-10,25.3794,7.613,"(18, 878, 9648)","['Drama', 'Science Fiction', 'Mystery']",2016,203388186.0,47000000.0
298382,The Dressmaker,2015-10-29,25.3657,7.003,"(18, 35, 37)","['Drama', 'Comedy', 'Western']",2015,25003426.0,11930000.0
120,The Lord of the Rings: The Fellowship of the Ring,2001-12-18,25.2151,8.42,"(12, 14, 28)","['Adventure', 'Fantasy', 'Action']",2001,871368364.0,93000000.0
1100782,Smile 2,2024-10-16,25.1524,6.592,"(27, 9648)","['Horror', 'Mystery']",2024,138128854.0,28000000.0
706503,Lost Bullet,2020-06-19,20.8168,6.611,"(28, 53, 80)","['Action', 'Thriller', 'Crime']",2020,0.0,0.0
13,Forrest Gump,1994-06-23,23.4192,8.5,"(35, 18, 10749)","['Comedy', 'Drama', 'Romance']",1994,677387716.0,55000000.0
299534,Avengers: Endgame,2019-04-24,22.8337,8.238,"(12, 878, 28)","['Adventure', 'Science Fiction', 'Action']",2019,2799439100.0,356000000.0
603692,John Wick: Chapter 4,2023-03-22,23.07,7.724,"(28, 53, 80)","['Action', 'Thriller', 'Crime']",2023,440157245.0,100000000.0
1125880,Swarm,2023-05-11,20.5519,4.5,"(18,)",['Drama'],2023,0.0,0.0
274855,Geostorm,2017-10-12,19.8804,6.124,"(28, 878, 53)","['Action', 'Science Fiction', 'Thriller']",2017,221600160.0,120000000.0
1084736,The Count of Monte Cristo,2024-06-28,21.6284,8.005,"(12, 28, 18)","['Adventure', 'Action', 'Drama']",2024,75360860.0,46000000.0
957119,Sidelined: The QB and Me,2025-02-06,22.2765,6.061,"(35, 10749)","['Comedy', 'Romance']",2025,0.0,0.0
1357633,Solo Leveling -ReAwakening-,2024-11-26,22.372,6.939,"(28, 12, 14, 16)","['Action', 'Adventure', 'Fantasy', 'Animation']",2024,6331827.0,0.0
944401,Dogman,2023-09-27,23.5994,7.903,"(28, 18, 80)","['Action', 'Drama', 'Crime']",2023,4082217.0,22700000.0
1217690,Homestead,2024-12-19,25.2873,6.104,"(53, 18, 28)","['Thriller', 'Drama', 'Action']",2024,20811864.0,5000000.0
400106,Bright,2017-12-22,20.3582,6.157,"(14, 28, 53)","['Fantasy', 'Action', 'Thriller']",2017,0.0,90000000.0
146233,Prisoners,2013-09-19,23.056,8.098,"(18, 53, 80)","['Drama', 'Thriller', 'Crime']",2013,122126687.0,46000000.0
414906,The Batman,2022-03-01,22.2644,7.7,"(80, 9648, 53)","['Crime', 'Mystery', 'Thriller']",2022,772319315.0,185000000.0
1122099,The Ballad of Wallis Island,2025-03-28,21.9986,7.105,"(35, 18, 10402)","['Comedy', 'Drama', 'Music']",2025,736965.0,0.0
1726,Iron Man,2008-04-30,21.8245,7.651,"(28, 878, 12)","['Action', 'Science Fiction', 'Adventure']",2008,585174222.0,140000000.0
1029235,Azrael,2024-09-27,21.6434,6.0,"(28, 27, 53)","['Action', 'Horror', 'Thriller']",2024,631272.0,12000000.0
228150,Fury,2014-10-15,21.5966,7.54,"(10752, 18, 28)","['War', 'Drama', 'Action']",2014,211817906.0,68000000.0
156022,The Equalizer,2014-09-24,21.577,7.28,"(53, 28, 80)","['Thriller', 'Action', 'Crime']",2014,192330738.0,55000000.0
557,Spider-Man,2002-05-01,21.5017,7.31,"(28, 878)","['Action', 'Science Fiction']",2002,821708551.0,139000000.0
672,Harry Potter and the Chamber of Secrets,2002-11-13,21.4595,7.7,"(12, 14)","['Adventure', 'Fantasy']",2002,876688482.0,100000000.0
980477,Ne Zha 2,2025-01-29,21.4425,7.908,"(16, 14, 12)","['Animation', 'Fantasy', 'Adventure']",2025,2188830000.0,80000000.0
216015,Fifty Shades of Grey,2015-02-11,21.2332,5.887,"(18, 10749, 53)","['Drama', 'Romance', 'Thriller']",2015,569651467.0,40000000.0
8587,The Lion King,1994-06-15,21.0824,8.258,"(10751, 16, 18)","['Family', 'Animation', 'Drama']",1994,763455561.0,45000000.0
1096838,Here After,2024-07-25,21.0503,5.336,"(27, 53)","['Horror', 'Thriller']",2024,0.0,0.0
921636,The Out-Laws,2023-07-07,18.7637,6.028,"(10749, 28, 35)","['Romance', 'Action', 'Comedy']",2023,0.0,0.0
698687,Transformers One,2024-09-11,20.232,8.091,"(16, 878, 12, 10751)","['Animation', 'Science Fiction', 'Adventure', 'Family']",2024,128888103.0,75000000.0
354912,Coco,2017-10-27,20.1584,8.2,"(10751, 16, 10402, 12)","['Family', 'Animation', 'Music', 'Adventure']",2017,807816196.0,175000000.0
1337395,Kiskisan,2024-09-27,18.6834,5.3,"(18,)",['Drama'],2024,0.0,0.0
447365,Guardians of the Galaxy Vol. 3,2023-05-03,19.7764,7.9,"(878, 12, 28, 35)","['Science Fiction', 'Adventure', 'Action', 'Comedy']",2023,845600000.0,250000000.0
1217379,Hellhound,2024-06-20,20.2767,6.6,"(28, 80, 53)","['Action', 'Crime', 'Thriller']",2024,0.0,1100000.0
475557,Joker,2019-10-01,22.2118,8.137,"(80, 53, 18)","['Crime', 'Thriller', 'Drama']",2019,1078958629.0,55000000.0
1302916,Heart Eyes,2025-02-06,20.5924,6.405,"(27, 35, 10749)","['Horror', 'Comedy', 'Romance']",2025,32947032.0,18000000.0
210577,Gone Girl,2014-10-01,22.766,7.89,"(9648, 53, 18)","['Mystery', 'Thriller', 'Drama']",2014,370890259.0,61000000.0
1390681,El Cas Àngelus. La fascinació de Dalí,2024-04-12,20.912,0.0,"(35, 18)","['Comedy', 'Drama']",2024,0.0,15800.0
76600,Avatar: The Way of Water,2022-12-14,19.4067,7.6,"(878, 12, 28)","['Science Fiction', 'Adventure', 'Action']",2022,2320250281.0,460000000.0
1282980,825 Forest Road,2025-04-24,20.3341,6.121,"(27, 53)","['Horror', 'Thriller']",2025,0.0,0.0
968171,Sex Education Mistresses,1973-11-20,13.9525,5.9,"(35,)",['Comedy'],1973,0.0,0.0
1261050,The Quiet Ones,2024-10-31,20.0149,5.83,"(28, 18)","['Action', 'Drama']",2024,0.0,0.0
18785,The Hangover,2009-06-02,19.8677,7.323,"(35,)",['Comedy'],2009,469310836.0,35000000.0
1885,The Karate Kid,1984-06-22,19.807,7.201,"(28, 12, 18, 10751)","['Action', 'Adventure', 'Drama', 'Family']",1984,130442786.0,8000000.0
297,Meet Joe Black,1998-11-12,19.6862,7.348,"(14, 18, 10749)","['Fantasy', 'Drama', 'Romance']",1998,142940100.0,90000000.0
979275,Mob Land,2023-08-04,19.3506,5.426,"(28, 80, 53)","['Action', 'Crime', 'Thriller']",2023,0.0,0.0
372962,Mai-chan's Daily Life,2016-02-25,16.3299,5.2,"(27,)",['Horror'],2016,0.0,0.0
335,Once Upon a Time in the West,1968-12-21,17.3223,8.3,"(18, 37)","['Drama', 'Western']",1968,5380118.0,5000000.0
292011,Richard Jewell,2019-12-13,17.2702,7.4,"(18,)",['Drama'],2019,33900000.0,45000000.0
1410082,Sniper: The Last Stand,2025-01-21,18.8359,6.692,"(28, 53)","['Action', 'Thriller']",2025,0.0,0.0
1138749,The Island,2023-07-21,19.6043,6.181,"(28, 80, 53)","['Action', 'Crime', 'Thriller']",2023,39773.0,0.0
177572,Big Hero 6,2014-10-24,20.2018,7.7,"(12, 10751, 16, 28, 35)","['Adventure', 'Family', 'Animation', 'Action', 'Comedy']",2014,657870525.0,165000000.0
22,Pirates of the Caribbean: The Curse of the Black Pearl,2003-07-09,19.2072,7.809,"(12, 14, 28)","['Adventure', 'Fantasy', 'Action']",2003,655011224.0,140000000.0
1138194,Heretic,2024-10-31,20.3105,7.049,"(27, 53)","['Horror', 'Thriller']",2024,51913394.0,10000000.0
269149,Zootopia,2016-02-11,18.2674,7.747,"(16, 12, 10751, 35)","['Animation', 'Adventure', 'Family', 'Comedy']",2016,1023784195.0,150000000.0
1077328,Fuks 2,2023-12-25,16.9961,5.2,"(35, 28)","['Comedy', 'Action']",2023,0.0,0.0
129,Spirited Away,2001-07-20,20.4715,8.5,"(16, 10751, 14)","['Animation', 'Family', 'Fantasy']",2001,274925095.0,19000000.0
551332,The Two Popes,2019-11-27,17.8061,7.487,"(18, 36)","['Drama', 'History']",2019,232638.0,0.0
333339,Ready Player One,2018-03-28,17.3568,7.59,"(12, 28, 878)","['Adventure', 'Action', 'Science Fiction']",2018,607274134.0,175000000.0
1143407,Sky Force,2025-01-24,18.9625,6.426,"(28, 53, 10752, 36)","['Action', 'Thriller', 'War', 'History']",2025,0.0,0.0
541671,From the World of John Wick: Ballerina,2025-06-04,18.8102,0.0,"(28, 53, 80)","['Action', 'Thriller', 'Crime']",2025,0.0,0.0
85430,Girl Play,2004-07-11,18.293,5.958,"(35, 10749)","['Comedy', 'Romance']",2004,11522.0,1000000.0
218,The Terminator,1984-10-26,18.2299,7.665,"(28, 53, 878)","['Action', 'Thriller', 'Science Fiction']",1984,78371200.0,6400000.0
1407861,The Bayou,2025-01-31,18.1558,6.2,"(53, 27, 28)","['Thriller', 'Horror', 'Action']",2025,0.0,0.0
38757,Tangled,2010-11-24,17.8573,7.607,"(16, 10751, 12)","['Animation', 'Family', 'Adventure']",2010,592461732.0,260000000.0
507086,Jurassic World Dominion,2022-06-01,17.8452,6.663,"(12, 28, 878)","['Adventure', 'Action', 'Science Fiction']",2022,1001978080.0,465400000.0
680,Pulp Fiction,1994-09-10,17.7171,8.489,"(53, 80)","['Thriller', 'Crime']",1994,213928762.0,8000000.0
141,Donnie Darko,2001-01-19,17.621,7.77,"(14, 18, 9648)","['Fantasy', 'Drama', 'Mystery']",2001,7500000.0,4500000.0
505642,Black Panther: Wakanda Forever,2022-11-09,17.5933,7.062,"(28, 12, 878)","['Action', 'Adventure', 'Science Fiction']",2022,859102154.0,250000000.0
1225915,Jewel Thief: The Heist Begins,2025-04-25,117.2061,6.8,"(28, 53)","['Action', 'Thriller']",2025,0.0,0.0
1356236,Saint Catherine,2024-09-24,116.732,6.569,"(27,)",['Horror'],2024,0.0,0.0
1011477,Karate Kid: Legends,2025-05-08,114.4966,7.5,"(28, 12, 18)","['Action', 'Adventure', 'Drama']",2025,0.0,0.0
1124620,The Monkey,2025-02-14,109.3728,5.907,"(27, 35)","['Horror', 'Comedy']",2025,68758266.0,10000000.0
1403735,Laila,2025-02-14,105.737,5.0,"(35, 10749)","['Comedy', 'Romance']",2025,0.0,0.0
1241982,Moana 2,2024-11-21,104.1775,7.078,"(16, 12, 10751, 35)","['Animation', 'Adventure', 'Family', 'Comedy']",2024,1059544057.0,150000000.0
1151039,Nonnas,2025-05-01,99.2761,6.764,"(35,)",['Comedy'],2025,0.0,0.0
1094473,Bambi: A Life in the Woods,2024-10-16,97.4651,5.8,"(12, 10751)","['Adventure', 'Family']",2024,0.0,0.0
1471014,Van Gogh by Vincent,2025-03-26,96.9455,6.4,"(99,)",['Documentary'],2025,0.0,0.0
974576,Conclave,2024-10-25,84.5177,7.198,"(18, 53, 9648)","['Drama', 'Thriller', 'Mystery']",2024,115657988.0,20000000.0
1180906,Desert Dawn,2025-05-15,82.6916,9.0,"(28, 80, 9648, 53)","['Action', 'Crime', 'Mystery', 'Thriller']",2025,0.0,1500000.0
762509,Mufasa: The Lion King,2024-12-18,81.8563,7.41,"(12, 10751, 16)","['Adventure', 'Family', 'Animation']",2024,721046090.0,200000000.0
1469239,Karol G: Tomorrow Was Beautiful,2025-04-30,80.6675,8.215,"(10402, 99)","['Music', 'Documentary']",2025,0.0,0.0
575265,Mission: Impossible - The Final Reckoning,2025-05-17,79.4408,8.3,"(28, 12, 53)","['Action', 'Adventure', 'Thriller']",2025,0.0,400000000.0
939243,Sonic the Hedgehog 3,2024-12-19,78.2961,7.721,"(28, 878, 35, 10751)","['Action', 'Science Fiction', 'Comedy', 'Family']",2024,486018457.0,122000000.0
1276073,Bullet Train Explosion,2025-04-23,75.3528,6.883,"(28, 53, 80, 18)","['Action', 'Thriller', 'Crime', 'Drama']",2025,0.0,0.0
464052,Wonder Woman 1984,2020-12-16,73.9787,6.412,"(28, 12, 14)","['Action', 'Adventure', 'Fantasy']",2020,169601036.0,200000000.0
1092899,The Siege,2023-03-10,72.9777,5.378,"(28, 53)","['Action', 'Thriller']",2023,0.0,0.0
974573,Another Simple Favor,2025-03-07,72.4355,6.1,"(53, 35, 80)","['Thriller', 'Comedy', 'Crime']",2025,0.0,0.0
419430,Get Out,2017-02-24,71.8943,7.618,"(9648, 53, 27)","['Mystery', 'Thriller', 'Horror']",2017,255407969.0,4500000.0
1050035,Monster,2023-06-02,17.4377,7.975,"(9648, 53, 18)","['Mystery', 'Thriller', 'Drama']",2023,0.0,0.0
271110,Captain America: Civil War,2016-04-27,17.387,7.446,"(12, 28, 878)","['Adventure', 'Action', 'Science Fiction']",2016,1155046416.0,250000000.0
1077782,Old Guy,2024-12-13,17.3257,5.8,"(28, 35)","['Action', 'Comedy']",2024,0.0,0.0
940551,Migration,2023-12-06,17.1745,7.393,"(16, 12, 35, 10751)","['Animation', 'Adventure', 'Comedy', 'Family']",2023,298776052.0,72000000.0
170,28 Days Later,2002-10-31,17.0782,7.234,"(27, 53, 878)","['Horror', 'Thriller', 'Science Fiction']",2002,84661434.0,8000000.0
653346,Kingdom of the Planet of the Apes,2024-05-08,17.0453,7.1,"(878, 12, 28, 18, 53)","['Science Fiction', 'Adventure', 'Action', 'Drama', 'Thriller']",2024,397378150.0,160000000.0
11324,Shutter Island,2010-02-14,17.0234,8.201,"(18, 53, 9648)","['Drama', 'Thriller', 'Mystery']",2010,294804195.0,80000000.0
639720,IF,2024-05-08,16.9135,7.068,"(35, 14, 10751)","['Comedy', 'Fantasy', 'Family']",2024,190309707.0,110000000.0
911430,F1 The Movie,2025-06-23,16.9094,0.0,"(28, 18)","['Action', 'Drama']",2025,0.0,0.0
4348,Pride & Prejudice,2005-09-16,16.9067,8.1,"(18, 10749)","['Drama', 'Romance']",2005,124604345.0,28000000.0
843527,The Idea of You,2024-05-02,16.9027,7.38,"(10749, 18, 35)","['Romance', 'Drama', 'Comedy']",2024,36178.0,0.0
1422211,The Pursuit of Lust,2025-01-23,16.8897,5.875,"(10749, 18)","['Romance', 'Drama']",2025,0.0,0.0
640,Catch Me If You Can,2002-12-16,16.8629,7.977,"(18, 80)","['Drama', 'Crime']",2002,352114312.0,52000000.0
766507,Prey,2022-08-02,16.7658,7.693,"(53, 28, 878)","['Thriller', 'Action', 'Science Fiction']",2022,0.0,65000000.0
1093237,Hurry Up Tomorrow,2025-05-14,16.7649,5.8,"(53, 10402)","['Thriller', 'Music']",2025,0.0,15000000.0
670,Oldboy,2003-11-21,16.7624,8.251,"(18, 53, 9648, 28)","['Drama', 'Thriller', 'Mystery', 'Action']",2003,17500000.0,3000000.0
99861,Avengers: Age of Ultron,2015-04-22,16.6977,7.271,"(28, 12, 878)","['Action', 'Adventure', 'Science Fiction']",2015,1405403694.0,365000000.0
637649,Wrath of Man,2021-04-22,16.6693,7.616,"(28, 80, 53)","['Action', 'Crime', 'Thriller']",2021,103966489.0,40000000.0
516632,The Empty Man,2020-10-22,16.6625,6.159,"(27, 9648, 53)","['Horror', 'Mystery', 'Thriller']",2020,4796993.0,16000000.0
111,Scarface,1983-12-09,16.4353,8.161,"(28, 80, 18)","['Action', 'Crime', 'Drama']",1983,66023329.0,25000000.0
1333099,Dalia and the Red Book,2024-10-17,16.3244,7.3,"(12, 18, 14, 16)","['Adventure', 'Drama', 'Fantasy', 'Animation']",2024,0.0,0.0
710295,Wolf Man,2025-01-15,16.195,6.369,"(27, 53)","['Horror', 'Thriller']",2025,34861127.0,25000000.0
82023,Hotel Desire,2011-12-07,16.1795,6.0,"(18, 10749)","['Drama', 'Romance']",2011,0.0,230758.0
484247,A Simple Favor,2018-09-13,16.0124,6.6,"(53, 80, 35)","['Thriller', 'Crime', 'Comedy']",2018,97644617.0,20000000.0
661539,A Complete Unknown,2024-12-18,15.8918,7.16,"(18, 10402)","['Drama', 'Music']",2024,138003641.0,65000000.0
293670,The Wailing,2016-05-12,15.8897,7.365,"(27, 9648)","['Horror', 'Mystery']",2016,49851770.0,10951000.0
121,The Lord of the Rings: The Two Towers,2002-12-18,15.879,8.404,"(12, 14, 28)","['Adventure', 'Fantasy', 'Action']",2002,926287400.0,79000000.0
1217876,Ellie and the Monster Team,2024-06-27,15.8745,5.6,"(16, 10751, 35)","['Animation', 'Family', 'Comedy']",2024,0.0,0.0
549509,The Brutalist,2024-12-20,15.8665,7.049,"(18,)",['Drama'],2024,50145227.0,9600000.0
330459,Rogue One: A Star Wars Story,2016-12-14,15.8401,7.495,"(28, 12, 878)","['Action', 'Adventure', 'Science Fiction']",2016,1056057273.0,200000000.0
82702,How to Train Your Dragon 2,2014-06-05,15.7692,7.672,"(14, 28, 12, 16, 35, 10751)","['Fantasy', 'Action', 'Adventure', 'Animation', 'Comedy', 'Family']",2014,621537519.0,145000000.0
10138,Iron Man 2,2010-04-28,15.7627,6.849,"(12, 28, 878)","['Adventure', 'Action', 'Science Fiction']",2010,623933331.0,200000000.0
846422,The Old Guard 2,2025-07-01,15.7315,0.0,"(28, 14)","['Action', 'Fantasy']",2025,0.0,0.0
957452,The Crow,2024-08-21,15.7258,5.855,"(28, 14, 27)","['Action', 'Fantasy', 'Horror']",2024,24109036.0,50000000.0
707610,Bosomy Mom,2020-05-06,15.7165,5.9,"(18, 10749)","['Drama', 'Romance']",2020,0.0,0.0
454626,Sonic the Hedgehog,2020-02-12,15.6696,7.308,"(28, 878, 35, 10751)","['Action', 'Science Fiction', 'Comedy', 'Family']",2020,319715683.0,85000000.0
1111873,Abigail,2024-04-16,15.662,6.759,"(27, 53, 35, 28)","['Horror', 'Thriller', 'Comedy', 'Action']",2024,43015969.0,28000000.0
359410,Road House,2024-03-08,15.6517,6.945,"(28, 53)","['Action', 'Thriller']",2024,0.0,85000000.0
545611,Everything Everywhere All at Once,2022-03-24,15.6361,7.758,"(28, 12, 878)","['Action', 'Adventure', 'Science Fiction']",2022,139200000.0,25000000.0
315635,Spider-Man: Homecoming,2017-07-05,15.6067,7.331,"(28, 12, 878, 18)","['Action', 'Adventure', 'Science Fiction', 'Drama']",2017,880166924.0,175000000.0
1472668,Wick Is Pain,2025-05-08,15.6061,7.111,"(99,)",['Documentary'],2025,0.0,0.0
652,Troy,2004-05-13,15.5456,7.164,"(10752, 28, 36)","['War', 'Action', 'History']",2004,497409852.0,175000000.0
177677,Mission: Impossible - Rogue Nation,2015-07-23,15.4966,7.21,"(28, 12)","['Action', 'Adventure']",2015,682716636.0,150000000.0
420818,The Lion King,2019-07-12,15.4888,7.111,"(12, 18, 10751, 16)","['Adventure', 'Drama', 'Family', 'Animation']",2019,1662020819.0,260000000.0
609681,The Marvels,2023-11-08,15.4801,6.001,"(878, 12, 28)","['Science Fiction', 'Adventure', 'Action']",2023,206136825.0,274800000.0
56292,Mission: Impossible - Ghost Protocol,2011-12-07,15.4717,7.096,"(28, 53, 12)","['Action', 'Thriller', 'Adventure']",2011,694713380.0,145000000.0
296096,Me Before You,2016-06-01,15.4621,7.929,"(18, 10749)","['Drama', 'Romance']",2016,207945075.0,20000000.0
335983,Venom,2018-09-28,15.4566,6.829,"(878, 28)","['Science Fiction', 'Action']",2018,856085151.0,116000000.0
10625,Mean Girls,2004-04-30,15.436,7.219,"(18, 35)","['Drama', 'Comedy']",2004,130161094.0,17000000.0
937287,Challengers,2024-04-18,15.4212,7.0,"(18, 10749)","['Drama', 'Romance']",2024,94182533.0,55000000.0
36670,Never Say Never Again,1983-10-07,15.4075,6.049,"(12, 28, 53)","['Adventure', 'Action', 'Thriller']",1983,160000000.0,36000000.0
300668,Annihilation,2018-02-22,15.4063,6.426,"(878, 27)","['Science Fiction', 'Horror']",2018,43070915.0,40000000.0
921436,Escape,2024-07-03,15.3941,7.296,"(28, 18)","['Action', 'Drama']",2024,13368094.0,0.0
105,Back to the Future,1985-07-03,15.3149,8.319,"(12, 35, 878)","['Adventure', 'Comedy', 'Science Fiction']",1985,381109762.0,19000000.0
917496,Beetlejuice Beetlejuice,2024-09-04,15.2895,7.021,"(27, 35, 14)","['Horror', 'Comedy', 'Fantasy']",2024,451900435.0,99000000.0
1470086,Ligaw,2025-05-09,15.2587,0.0,"(18, 10749)","['Drama', 'Romance']",2025,0.0,0.0
447277,The Little Mermaid,2023-05-18,15.2383,6.315,"(12, 10751, 14, 10749)","['Adventure', 'Family', 'Fantasy', 'Romance']",2023,569626289.0,297000000.0
1333100,Attack on Titan: THE LAST ATTACK,2024-11-08,15.2195,8.5,"(16, 28, 12, 14)","['Animation', 'Action', 'Adventure', 'Fantasy']",2024,19791639.0,0.0
868759,Ghosted,2023-04-18,15.2073,6.941,"(28, 35, 10749)","['Action', 'Comedy', 'Romance']",2023,0.0,40000000.0
359724,Ford v Ferrari,2019-11-13,15.1869,8.003,"(18, 28, 36)","['Drama', 'Action', 'History']",2019,225508210.0,97600000.0
926393,The Equalizer 3,2023-08-30,15.17,7.315,"(28, 53, 80)","['Action', 'Thriller', 'Crime']",2023,191067560.0,70000000.0
619278,Inside Man: Most Wanted,2019-09-24,15.1596,6.416,"(28, 80, 53)","['Action', 'Crime', 'Thriller']",2019,0.0,0.0
514593,You Should Have Left,2020-06-18,15.1576,6.095,"(27, 53)","['Horror', 'Thriller']",2020,0.0,0.0
436969,The Suicide Squad,2021-07-28,15.132,7.488,"(28, 35, 12)","['Action', 'Comedy', 'Adventure']",2021,168717425.0,185000000.0
49026,The Dark Knight Rises,2012-07-17,15.211,7.785,"(28, 80, 18, 53)","['Action', 'Crime', 'Drama', 'Thriller']",2012,1081041287.0,250000000.0
72808,The Flesh,1991-05-09,15.1218,5.6,"(18, 10749)","['Drama', 'Romance']",1991,0.0,0.0
16869,Inglourious Basterds,2009-08-02,15.07,8.215,"(18, 53, 10752)","['Drama', 'Thriller', 'War']",2009,321457747.0,70000000.0
257094,Holland,2025-03-09,15.0023,5.337,"(53, 9648)","['Thriller', 'Mystery']",2025,0.0,0.0
762504,Nope,2022-07-20,14.9961,6.8,"(878, 27, 53)","['Science Fiction', 'Horror', 'Thriller']",2022,170823080.0,68000000.0
44214,Black Swan,2010-12-03,14.8732,7.686,"(18, 53, 27)","['Drama', 'Thriller', 'Horror']",2010,329398046.0,13000000.0
953,Madagascar,2005-05-25,14.7153,6.91,"(10751, 16, 12, 35)","['Family', 'Animation', 'Adventure', 'Comedy']",2005,542064525.0,75000000.0
1930,The Amazing Spider-Man,2012-06-23,14.669,6.715,"(28, 12, 878)","['Action', 'Adventure', 'Science Fiction']",2012,757930663.0,215000000.0
753342,Napoleon,2023-11-22,14.6498,6.35,"(36, 10752, 10749)","['History', 'War', 'Romance']",2023,220597098.0,165000000.0
58,Pirates of the Caribbean: Dead Man's Chest,2006-07-06,14.6222,7.366,"(12, 14, 28)","['Adventure', 'Fantasy', 'Action']",2006,1066179747.0,200000000.0
615777,Babylon,2022-12-22,14.5752,7.381,"(18, 35)","['Drama', 'Comedy']",2022,65267446.0,78000000.0
50620,The Twilight Saga: Breaking Dawn - Part 2,2012-11-13,14.5336,6.463,"(12, 14, 18, 10749)","['Adventure', 'Fantasy', 'Drama', 'Romance']",2012,829747654.0,120000000.0
14160,Up,2009-05-28,14.5294,7.957,"(16, 35, 10751, 12)","['Animation', 'Comedy', 'Family', 'Adventure']",2009,735099082.0,175000000.0
489,Good Will Hunting,1997-12-05,14.5249,8.158,"(18,)",['Drama'],1997,225900000.0,10000000.0
713364,Clown in a Cornfield,2025-05-08,14.493,6.1,"(27, 9648, 53)","['Horror', 'Mystery', 'Thriller']",2025,3648991.0,1000000.0
564,The Mummy,1999-04-16,14.4616,6.941,"(12, 28, 14)","['Adventure', 'Action', 'Fantasy']",1999,415885488.0,80000000.0
947891,My Old Ass,2024-09-13,14.4592,6.9,"(35, 18)","['Comedy', 'Drama']",2024,5705895.0,3000000.0
49519,The Croods,2013-03-15,14.4486,6.922,"(16, 12, 10751, 14, 35, 28)","['Animation', 'Adventure', 'Family', 'Fantasy', 'Comedy', 'Action']",2013,587204668.0,135000000.0
809,Shrek 2,2004-05-19,14.2183,7.292,"(16, 10751, 35, 14, 12)","['Animation', 'Family', 'Comedy', 'Fantasy', 'Adventure']",2004,935454538.0,150000000.0
324552,John Wick: Chapter 2,2017-02-08,14.1051,7.332,"(28, 53, 80)","['Action', 'Thriller', 'Crime']",2017,171539887.0,40000000.0
507089,Five Nights at Freddy's,2023-10-25,13.999,7.467,"(27, 53)","['Horror', 'Thriller']",2023,297144130.0,20000000.0
453,A Beautiful Mind,2001-12-14,13.9977,7.855,"(18, 10749)","['Drama', 'Romance']",2001,316791257.0,58000000.0
4935,Howl's Moving Castle,2004-09-09,13.9573,8.397,"(14, 16, 12)","['Fantasy', 'Animation', 'Adventure']",2004,236049757.0,24000000.0
10681,WALL·E,2008-06-22,13.8776,8.098,"(16, 10751, 878)","['Animation', 'Family', 'Science Fiction']",2008,521311860.0,180000000.0
1007734,Nobody 2,2025-08-13,13.8732,0.0,"(28, 53)","['Action', 'Thriller']",2025,0.0,0.0
1114513,Speak No Evil,2024-09-11,13.8684,7.254,"(27, 53)","['Horror', 'Thriller']",2024,76756109.0,15000000.0
1196943,Chhaava,2025-02-14,13.8181,6.7,"(36, 28, 18)","['History', 'Action', 'Drama']",2025,94988235.0,15800000.0
429,"The Good, the Bad and the Ugly",1966-12-22,13.4566,8.5,"(37,)",['Western'],1966,38900000.0,1200000.0
1254786,The Life List,2025-03-27,13.682,6.855,"(10749, 35, 18)","['Romance', 'Comedy', 'Drama']",2025,0.0,0.0
619979,Deep Water,2022-03-17,13.2854,5.827,"(18, 9648, 53)","['Drama', 'Mystery', 'Thriller']",2022,0.0,49000000.0
2157,Lost in Space,1998-04-03,12.0169,5.4,"(878, 12)","['Science Fiction', 'Adventure']",1998,136159423.0,80000000.0
616037,Thor: Love and Thunder,2022-07-06,13.6873,6.417,"(14, 28, 35)","['Fantasy', 'Action', 'Comedy']",2022,760900000.0,250000000.0
1127166,The Tearsmith,2024-04-03,12.9827,6.517,"(10749, 18)","['Romance', 'Drama']",2024,0.0,7000000.0
956,Mission: Impossible III,2006-04-25,14.2976,6.74,"(12, 28, 53)","['Adventure', 'Action', 'Thriller']",2006,398479497.0,150000000.0
985939,Fall,2022-08-11,13.6229,7.144,"(53,)",['Thriller'],2022,17363261.0,3000000.0
1005331,Carry-On,2024-12-05,13.1886,6.909,"(53, 28)","['Thriller', 'Action']",2024,0.0,47000000.0
580489,Venom: Let There Be Carnage,2021-09-30,12.8165,6.774,"(878, 28, 12)","['Science Fiction', 'Action', 'Adventure']",2021,506863592.0,110000000.0
321612,Beauty and the Beast,2017-03-16,13.1054,6.972,"(10751, 14, 10749)","['Family', 'Fantasy', 'Romance']",2017,1266115964.0,160000000.0
746036,The Fall Guy,2024-04-24,12.6078,7.022,"(28, 35, 18, 10749)","['Action', 'Comedy', 'Drama', 'Romance']",2024,181073291.0,125000000.0
546554,Knives Out,2019-11-27,12.978,7.843,"(35, 80, 9648)","['Comedy', 'Crime', 'Mystery']",2019,312897920.0,40000000.0
718930,Bullet Train,2022-08-03,13.2112,7.439,"(28, 35, 53)","['Action', 'Comedy', 'Thriller']",2022,239300000.0,90000000.0
1414048,Day of Reckoning,2025-03-28,71.1419,6.7,"(37, 28)","['Western', 'Action']",2025,0.0,0.0
345940,The Meg,2018-08-09,71.0803,6.248,"(28, 878, 27)","['Action', 'Science Fiction', 'Horror']",2018,530517320.0,150000000.0
141052,Justice League,2017-11-15,70.2059,6.1,"(28, 12, 878)","['Action', 'Adventure', 'Science Fiction']",2017,661326987.0,300000000.0
1195506,Novocaine,2025-03-12,69.807,6.915,"(28, 35, 53)","['Action', 'Comedy', 'Thriller']",2025,34208050.0,18000000.0
263115,Logan,2017-02-28,69.4875,7.82,"(28, 18, 878)","['Action', 'Drama', 'Science Fiction']",2017,619021436.0,97000000.0
281338,War for the Planet of the Apes,2017-07-11,68.9924,7.207,"(18, 878, 10752)","['Drama', 'Science Fiction', 'War']",2017,490719763.0,150000000.0
1136721,The Glenarma Tapes,2024-04-02,68.6971,6.1,"(27,)",['Horror'],2024,0.0,0.0
1249213,Drop,2025-04-10,65.2293,6.546,"(9648, 53)","['Mystery', 'Thriller']",2025,28301850.0,11000000.0
1045938,G20,2025-04-10,64.8589,6.567,"(28, 9648, 18)","['Action', 'Mystery', 'Drama']",2025,0.0,0.0
238,The Godfather,1972-03-14,64.6623,8.687,"(18, 80)","['Drama', 'Crime']",1972,245066411.0,6000000.0
1010581,My Fault,2023-06-08,61.5319,7.812,"(10749, 18)","['Romance', 'Drama']",2023,0.0,0.0
950396,The Gorge,2025-02-13,61.0501,7.715,"(10749, 878, 53)","['Romance', 'Science Fiction', 'Thriller']",2025,0.0,70000000.0
324786,Hacksaw Ridge,2016-10-07,59.6369,8.2,"(18, 36, 10752)","['Drama', 'History', 'War']",2016,175302354.0,40000000.0
872585,Oppenheimer,2023-07-19,58.8708,8.1,"(18, 36)","['Drama', 'History']",2023,952000000.0,100000000.0
1126166,Flight Risk,2025-01-22,58.4669,6.114,"(28, 53)","['Action', 'Thriller']",2025,40420193.0,25000000.0
370172,No Time to Die,2021-09-29,58.043,7.366,"(28, 53, 12)","['Action', 'Thriller', 'Adventure']",2021,774153024.0,250000000.0
1313194,Summer of 69,2025-03-13,57.0218,5.567,"(35, 18)","['Comedy', 'Drama']",2025,0.0,0.0
383498,Deadpool 2,2018-05-15,56.7332,7.49,"(28, 35, 12)","['Action', 'Comedy', 'Adventure']",2018,785896632.0,110000000.0
870028,The Accountant²,2025-04-23,55.8358,7.182,"(80, 53, 28)","['Crime', 'Thriller', 'Action']",2025,83014385.0,80000000.0
1252309,Ask Me What You Want,2024-11-29,53.9916,6.0,"(10749, 18)","['Romance', 'Drama']",2024,0.0,0.0
792307,Poor Things,2023-12-07,13.5255,7.7,"(878, 10749, 35)","['Science Fiction', 'Romance', 'Comedy']",2023,117607117.0,35000000.0
240832,Lucy,2014-07-25,13.5028,6.462,"(28, 878)","['Action', 'Science Fiction']",2014,458863600.0,40000000.0
10195,Thor,2011-04-21,13.4588,6.769,"(12, 14, 28)","['Adventure', 'Fantasy', 'Action']",2011,449326618.0,150000000.0
398818,Call Me by Your Name,2017-07-28,13.426,8.117,"(10749, 18)","['Romance', 'Drama']",2017,43143046.0,3500000.0
1124,The Prestige,2006-10-17,13.4047,8.203,"(18, 9648, 878)","['Drama', 'Mystery', 'Science Fiction']",2006,109676311.0,40000000.0
436270,Black Adam,2022-10-19,13.348,6.865,"(28, 12, 878)","['Action', 'Adventure', 'Science Fiction']",2022,393452111.0,200000000.0
615,The Passion of the Christ,2004-02-25,13.3405,7.523,"(18,)",['Drama'],2004,610063468.0,30000000.0
438695,Sing 2,2021-12-01,13.3171,7.849,"(16, 10751, 10402, 35)","['Animation', 'Family', 'Music', 'Comedy']",2021,408402685.0,85000000.0
168259,Furious 7,2015-04-01,13.2813,7.2,"(28, 53, 80)","['Action', 'Thriller', 'Crime']",2015,1515400000.0,190000000.0
445651,The Darkest Minds,2018-07-25,13.2366,7.033,"(28, 12, 18)","['Action', 'Adventure', 'Drama']",2018,41142379.0,34000000.0
290595,The Huntsman: Winter's War,2016-04-06,13.2034,6.288,"(28, 12, 18)","['Action', 'Adventure', 'Drama']",2016,164989338.0,115000000.0
718821,Twisters,2024-07-10,13.1823,6.83,"(28, 53)","['Action', 'Thriller']",2024,372262265.0,155000000.0
1445276,A Love Too Captivating,2025-04-06,13.1543,5.0,"(10749, 16)","['Romance', 'Animation']",2025,0.0,0.0
530385,Midsommar,2019-07-03,13.0237,7.152,"(27, 18, 9648)","['Horror', 'Drama', 'Mystery']",2019,48015416.0,9000000.0
50619,The Twilight Saga: Breaking Dawn - Part 1,2011-11-16,13.0223,6.196,"(12, 14, 10749)","['Adventure', 'Fantasy', 'Romance']",2011,712171856.0,110000000.0
388,Inside Man,2006-03-17,12.9777,7.395,"(80, 18, 53)","['Crime', 'Drama', 'Thriller']",2006,186003591.0,45000000.0
695721,The Hunger Games: The Ballad of Songbirds & Snakes,2023-11-15,12.7717,7.018,"(18, 878, 12, 28)","['Drama', 'Science Fiction', 'Adventure', 'Action']",2023,337371917.0,100000000.0
1125510,The Platform 2,2024-09-27,12.4319,5.549,"(878, 27, 53)","['Science Fiction', 'Horror', 'Thriller']",2024,0.0,0.0
245891,John Wick,2014-10-22,13.6224,7.444,"(28, 53)","['Action', 'Thriller']",2014,88761661.0,20000000.0
30830,Fantasm Comes Again,1977-12-26,10.6128,4.625,"(35,)",['Comedy'],1977,0.0,72000.0
585511,Luck,2022-08-05,12.9351,7.774,"(16, 12, 35, 14)","['Animation', 'Adventure', 'Comedy', 'Fantasy']",2022,0.0,0.0
1100099,We Live in Time,2024-10-10,14.221,7.331,"(10749, 18)","['Romance', 'Drama']",2024,37182814.0,20000000.0
398978,The Irishman,2019-11-01,12.1098,7.592,"(80, 18, 36)","['Crime', 'Drama', 'History']",2019,968853.0,159000000.0
14161,2012,2009-10-10,12.7716,5.851,"(28, 12, 878)","['Action', 'Adventure', 'Science Fiction']",2009,791217826.0,200000000.0
8835,Legally Blonde,2001-07-13,12.7659,6.793,"(35, 10749)","['Comedy', 'Romance']",2001,141774679.0,18000000.0
508442,Soul,2020-12-25,12.0667,8.109,"(16, 10751, 35, 14)","['Animation', 'Family', 'Comedy', 'Fantasy']",2020,121977511.0,150000000.0
375834,"It's Called 'Murder', Baby",1983-06-15,8.6,6.3,"(9648,)",['Mystery'],1983,0.0,0.0
420817,Aladdin,2019-05-22,12.3214,7.097,"(12, 14, 10749, 10751)","['Adventure', 'Fantasy', 'Romance', 'Family']",2019,1054300000.0,183000000.0
121856,Assassin's Creed,2016-12-21,13.6242,5.43,"(28, 12, 878)","['Action', 'Adventure', 'Science Fiction']",2016,240700000.0,125000000.0
351286,Jurassic World: Fallen Kingdom,2018-06-06,12.7648,6.538,"(28, 12, 878, 53)","['Action', 'Adventure', 'Science Fiction', 'Thriller']",2018,1310466296.0,170000000.0
666277,Past Lives,2023-06-02,12.7508,7.741,"(18, 10749)","['Drama', 'Romance']",2023,28126646.0,12000000.0
1382406,Striking Rescue,2024-12-05,12.7459,7.25,"(28, 80, 53)","['Action', 'Crime', 'Thriller']",2024,0.0,0.0
1072790,Anyone But You,2023-12-21,12.704,6.9,"(10749, 35)","['Romance', 'Comedy']",2023,214891370.0,25000000.0
799583,The Ministry of Ungentlemanly Warfare,2024-04-18,12.6948,7.083,"(28, 35, 10752)","['Action', 'Comedy', 'War']",2024,29715044.0,60000000.0
38,Eternal Sunshine of the Spotless Mind,2004-03-19,12.6891,8.091,"(878, 18, 10749)","['Science Fiction', 'Drama', 'Romance']",2004,72258126.0,20000000.0
122906,About Time,2013-09-04,12.6732,7.916,"(18, 10749, 14)","['Drama', 'Romance', 'Fantasy']",2013,87100449.0,12000000.0
1579,Apocalypto,2006-12-07,12.6586,7.586,"(28, 18, 36)","['Action', 'Drama', 'History']",2006,120654337.0,40000000.0
1022796,Wish,2023-11-13,12.6478,6.317,"(16, 10751, 14, 12)","['Animation', 'Family', 'Fantasy', 'Adventure']",2023,254997360.0,175000000.0
49530,In Time,2011-10-27,12.5797,6.971,"(28, 53, 878)","['Action', 'Thriller', 'Science Fiction']",2011,173900000.0,40000000.0
1235623,Eye for an Eye 2,2024-07-21,12.5512,6.29,"(28, 18)","['Action', 'Drama']",2024,0.0,0.0
198184,Chappie,2015-03-04,12.4974,6.787,"(80, 28, 878)","['Crime', 'Action', 'Science Fiction']",2015,104399548.0,49000000.0
10144,The Little Mermaid,1989-11-17,12.4897,7.35,"(16, 10751, 14)","['Animation', 'Family', 'Fantasy']",1989,211343479.0,40000000.0
340837,A Cure for Wellness,2017-02-15,11.074,6.338,"(27, 9648, 878)","['Horror', 'Mystery', 'Science Fiction']",2017,26620002.0,40000000.0
102651,Maleficent,2014-05-28,11.6614,7.088,"(14, 12, 28, 10751, 10749)","['Fantasy', 'Adventure', 'Action', 'Family', 'Romance']",2014,758539785.0,180000000.0
891699,Silent Night,2023-11-30,12.0224,6.205,"(28, 53, 80)","['Action', 'Thriller', 'Crime']",2023,0.0,0.0
889737,Joker: Folie à Deux,2024-10-01,12.1524,5.443,"(18, 80, 53)","['Drama', 'Crime', 'Thriller']",2024,207500287.0,190000000.0
1395724,Chijin no Ai,2024-11-29,12.2801,6.0,"(18,)",['Drama'],2024,0.0,0.0
345887,The Equalizer 2,2018-07-19,10.901,6.772,"(28, 53, 80)","['Action', 'Thriller', 'Crime']",2018,190400157.0,62000000.0
726139,Project Silence,2024-07-11,11.941,7.002,"(53, 28, 27, 878, 12)","['Thriller', 'Action', 'Horror', 'Science Fiction', 'Adventure']",2024,6283415.0,14750000.0
140300,Kung Fu Panda 3,2016-01-23,13.7729,6.9,"(28, 12, 16, 35, 10751)","['Action', 'Adventure', 'Animation', 'Comedy', 'Family']",2016,521170825.0,145000000.0
978796,Bagman,2024-09-20,12.312,6.258,"(27, 53)","['Horror', 'Thriller']",2024,0.0,14500000.0
1064028,Subservience,2024-08-15,12.187,6.704,"(27, 878, 53)","['Horror', 'Science Fiction', 'Thriller']",2024,262793.0,4400000.0
1470082,The Jowa Collector,2025-05-13,11.8905,0.0,"(18,)",['Drama'],2025,0.0,0.0
381284,Hidden Figures,2016-12-10,12.1466,8.055,"(18, 36)","['Drama', 'History']",2016,235957472.0,25000000.0
512200,Jumanji: The Next Level,2019-12-04,12.1376,6.895,"(12, 35, 14)","['Adventure', 'Comedy', 'Fantasy']",2019,801693929.0,125000000.0
423,The Pianist,2002-09-17,12.126,8.379,"(18, 10752)","['Drama', 'War']",2002,120098945.0,35000000.0
275,Fargo,1996-03-08,11.994,7.855,"(80, 18, 53)","['Crime', 'Drama', 'Thriller']",1996,60611975.0,7000000.0
24,Kill Bill: Vol. 1,2003-10-10,11.9866,7.97,"(28, 80)","['Action', 'Crime']",2003,180906076.0,30000000.0
713704,Evil Dead Rise,2023-04-12,11.9814,6.931,"(27, 53)","['Horror', 'Thriller']",2023,147156372.0,15000000.0
8392,My Neighbor Totoro,1988-04-16,11.9589,8.071,"(14, 16, 10751)","['Fantasy', 'Animation', 'Family']",1988,41000000.0,3700000.0
9757,Norbit,2007-02-08,11.9548,5.666,"(35,)",['Comedy'],2007,159814490.0,10000000.0
24021,The Twilight Saga: Eclipse,2010-06-23,11.9274,6.205,"(12, 14, 18, 10749)","['Adventure', 'Fantasy', 'Drama', 'Romance']",2010,698491347.0,68000000.0
209112,Batman v Superman: Dawn of Justice,2016-03-23,11.9078,6.0,"(28, 12, 14)","['Action', 'Adventure', 'Fantasy']",2016,874362803.0,250000000.0
1891,The Empire Strikes Back,1980-05-20,11.8966,8.4,"(12, 28, 878)","['Adventure', 'Action', 'Science Fiction']",1980,538400000.0,18000000.0
591,The Da Vinci Code,2006-05-17,11.8131,6.727,"(53, 9648)","['Thriller', 'Mystery']",2006,760006945.0,125000000.0
286217,The Martian,2015-09-30,11.792,7.688,"(18, 12, 878)","['Drama', 'Adventure', 'Science Fiction']",2015,631058917.0,108000000.0
787,Mr. & Mrs. Smith,2005-06-07,11.7283,6.689,"(28, 35, 18, 53)","['Action', 'Comedy', 'Drama', 'Thriller']",2005,487300000.0,110000000.0
550988,Free Guy,2021-08-11,11.6985,7.5,"(35, 12, 878)","['Comedy', 'Adventure', 'Science Fiction']",2021,331526598.0,110000000.0
335797,Sing,2016-11-23,11.5909,7.114,"(16, 35, 10751, 10402)","['Animation', 'Comedy', 'Family', 'Music']",2016,634151679.0,75000000.0
884605,No Hard Feelings,2023-06-15,11.5757,6.7,"(35, 10749)","['Comedy', 'Romance']",2023,83000000.0,45000000.0
11688,The Emperor's New Groove,2000-12-15,11.5744,7.556,"(12, 16, 35, 10751, 14)","['Adventure', 'Animation', 'Comedy', 'Family', 'Fantasy']",2000,169327687.0,100000000.0
11224,Cinderella,1950-02-22,11.5663,7.044,"(10751, 14, 16, 10749)","['Family', 'Fantasy', 'Animation', 'Romance']",1950,263600000.0,2900000.0
493529,Dungeons & Dragons: Honor Among Thieves,2023-03-23,11.5649,7.338,"(12, 14, 35)","['Adventure', 'Fantasy', 'Comedy']",2023,208200000.0,151000000.0
330457,Frozen II,2019-11-20,11.5465,7.249,"(10751, 16, 12, 35, 14)","['Family', 'Animation', 'Adventure', 'Comedy', 'Fantasy']",2019,1453683476.0,150000000.0
194,Amélie,2001-04-25,11.522,7.913,"(35, 10749)","['Comedy', 'Romance']",2001,173921954.0,10000000.0
974262,Descendants: The Rise of Red,2024-07-11,11.5132,6.9,"(14, 12, 10751, 35)","['Fantasy', 'Adventure', 'Family', 'Comedy']",2024,0.0,0.0
6479,I Am Legend,2007-12-12,10.9949,7.209,"(18, 878, 53)","['Drama', 'Science Fiction', 'Thriller']",2007,585410052.0,150000000.0
273481,Sicario,2015-09-17,9.8569,7.412,"(28, 80, 53)","['Action', 'Crime', 'Thriller']",2015,84997446.0,30000000.0
1182387,Armor,2024-10-30,11.4014,5.653,"(28, 80, 53, 18)","['Action', 'Crime', 'Thriller', 'Drama']",2024,0.0,11500000.0
1086497,The Penguin Lessons,2025-03-27,11.1038,7.2,"(18,)",['Drama'],2025,6668700.0,0.0
1241320,Kingdom 4: Return of the Great General,2024-07-12,11.4634,6.789,"(28, 12)","['Action', 'Adventure']",2024,54114815.0,0.0
842675,The Wandering Earth II,2023-01-22,10.2831,7.293,"(878,)",['Science Fiction'],2023,615023132.0,73800000.0
9659,Mad Max,1979-04-12,10.5184,6.679,"(12, 28, 53, 878)","['Adventure', 'Action', 'Thriller', 'Science Fiction']",1979,100000000.0,350000.0
50646,"Crazy, Stupid, Love.",2011-07-29,11.033,7.267,"(35, 18, 10749)","['Comedy', 'Drama', 'Romance']",2011,145079584.0,50000000.0
607,Men in Black,1997-07-02,9.9628,7.206,"(28, 12, 35, 878)","['Action', 'Adventure', 'Comedy', 'Science Fiction']",1997,589400000.0,90000000.0
812,Aladdin,1992-11-25,10.8349,7.652,"(16, 10751, 12, 14, 10749)","['Animation', 'Family', 'Adventure', 'Fantasy', 'Romance']",1992,504050219.0,28000000.0
1422,The Departed,2006-10-04,9.8895,8.16,"(18, 53, 80)","['Drama', 'Thriller', 'Crime']",2006,291465000.0,90000000.0
1272149,Bridget Jones: Mad About the Boy,2025-02-12,12.1671,6.631,"(10749, 35, 18)","['Romance', 'Comedy', 'Drama']",2025,134865435.0,50000000.0
265208,Wild Card,2015-01-14,10.2181,5.688,"(53, 80, 28)","['Thriller', 'Crime', 'Action']",2015,6738764.0,30000000.0
453395,Doctor Strange in the Multiverse of Madness,2022-05-04,53.4566,7.3,"(14, 28, 12)","['Fantasy', 'Action', 'Adventure']",2022,955775804.0,200000000.0
353081,Mission: Impossible - Fallout,2018-07-13,52.3999,7.4,"(28, 12)","['Action', 'Adventure']",2018,791658205.0,178000000.0
1244944,The Woman in the Yard,2025-03-27,52.3948,6.256,"(27, 9648)","['Horror', 'Mystery']",2025,23175799.0,12000000.0
1083968,Locked,2025-03-20,52.1365,6.273,"(53,)",['Thriller'],2025,2536641.0,0.0
502356,The Super Mario Bros. Movie,2023-04-05,51.9612,7.622,"(10751, 35, 12, 16)","['Family', 'Comedy', 'Adventure', 'Animation']",2023,1362000000.0,100000000.0
811941,Devara: Part 1,2024-09-26,51.7156,6.995,"(28, 18)","['Action', 'Drama']",2024,49520000.0,31764000.0
552524,Lilo & Stitch,2025-05-21,51.7026,0.0,"(10751, 35, 878)","['Family', 'Comedy', 'Science Fiction']",2025,0.0,150000000.0
458156,John Wick: Chapter 3 - Parabellum,2019-05-15,51.5197,7.442,"(28, 53, 80)","['Action', 'Thriller', 'Crime']",2019,326709727.0,55000000.0
1212855,Fight or Flight,2025-04-03,50.7652,5.9,"(28, 35, 53)","['Action', 'Comedy', 'Thriller']",2025,2482071.0,40000000.0
912649,Venom: The Last Dance,2024-10-22,50.647,6.751,"(28, 878, 12)","['Action', 'Science Fiction', 'Adventure']",2024,478103649.0,120000000.0
533535,Deadpool & Wolverine,2024-07-24,50.4385,7.597,"(28, 35, 878)","['Action', 'Comedy', 'Science Fiction']",2024,1338073645.0,200000000.0
1049171,The Temptation,2022-12-15,49.8109,5.212,"(18,)",['Drama'],2022,0.0,0.0
353491,The Dark Tower,2017-08-03,49.3905,5.773,"(14, 28, 878)","['Fantasy', 'Action', 'Science Fiction']",2017,113231078.0,60000000.0
696506,Mickey 17,2025-02-28,48.7051,6.899,"(878, 35, 12)","['Science Fiction', 'Comedy', 'Adventure']",2025,131847147.0,118000000.0
1189423,The Sloth Lane,2024-07-25,48.3135,6.5,"(16, 10751)","['Animation', 'Family']",2024,349698.0,0.0
315837,Ghost in the Shell,2017-03-29,48.15,6.091,"(878, 18, 28)","['Science Fiction', 'Drama', 'Action']",2017,169801921.0,110000000.0
1064486,Memoir of a Snail,2024-10-17,48.1253,8.073,"(16, 18, 35)","['Animation', 'Drama', 'Comedy']",2024,6780428.0,4350000.0
384018,Fast & Furious Presents: Hobbs & Shaw,2019-08-01,47.8002,6.8,"(28, 12, 35)","['Action', 'Adventure', 'Comedy']",2019,760098996.0,200000000.0
1184918,The Wild Robot,2024-09-12,47.3055,8.318,"(16, 878, 10751)","['Animation', 'Science Fiction', 'Family']",2024,331982078.0,78000000.0
933260,The Substance,2024-09-07,46.6219,7.146,"(27, 878)","['Horror', 'Science Fiction']",2024,76506196.0,17500000.0
2493,The Princess Bride,1987-09-25,11.3546,7.7,"(12, 10751, 14, 35, 10749)","['Adventure', 'Family', 'Fantasy', 'Comedy', 'Romance']",1987,30900000.0,16000000.0
299537,Captain Marvel,2019-03-06,11.3525,6.802,"(28, 12, 878)","['Action', 'Adventure', 'Science Fiction']",2019,1131416446.0,152000000.0
508947,Turning Red,2022-03-10,11.3509,7.35,"(16, 10751, 35, 14)","['Animation', 'Family', 'Comedy', 'Fantasy']",2022,21328962.0,175000000.0
645710,The Voyeurs,2021-08-25,11.3391,6.559,"(53,)",['Thriller'],2021,0.0,0.0
1311031,Demon Slayer: Kimetsu no Yaiba Infinity Castle,2025-07-18,11.3318,0.0,"(16, 28, 14, 53)","['Animation', 'Action', 'Fantasy', 'Thriller']",2025,0.0,0.0
719221,Tarot,2024-05-01,11.2374,6.465,"(27,)",['Horror'],2024,49256239.0,8000000.0
205596,The Imitation Game,2014-11-14,11.1928,7.994,"(36, 18, 53, 10752)","['History', 'Drama', 'Thriller', 'War']",2014,233555708.0,14000000.0
974931,Totally Killer,2023-09-28,11.1373,6.831,"(27, 35, 878)","['Horror', 'Comedy', 'Science Fiction']",2023,0.0,0.0
77,Memento,2000-10-11,11.1026,8.179,"(9648, 53)","['Mystery', 'Thriller']",2000,40047236.0,9000000.0
197,Braveheart,1995-05-24,11.0976,7.944,"(28, 18, 36, 10752)","['Action', 'Drama', 'History', 'War']",1995,213216216.0,72000000.0
281957,The Revenant,2015-12-25,11.0886,7.5,"(37, 18, 12)","['Western', 'Drama', 'Adventure']",2015,532950503.0,135000000.0
372049,My Friend's Wife,2015-12-03,11.0811,6.5,"(10749,)",['Romance'],2015,0.0,0.0
784524,Magazine Dreams,2025-03-21,11.0287,6.458,"(18,)",['Drama'],2025,1076099.0,0.0
8363,Superbad,2007-08-17,11.0287,7.256,"(35,)",['Comedy'],2007,170800000.0,20000000.0
508883,The Boy and the Heron,2023-07-14,10.9887,7.447,"(16, 12, 14, 10751, 18)","['Animation', 'Adventure', 'Fantasy', 'Family', 'Drama']",2023,294200000.0,50000000.0
893723,PAW Patrol: The Mighty Movie,2023-09-21,10.9761,7.068,"(10751, 35, 12, 16)","['Family', 'Comedy', 'Adventure', 'Animation']",2023,202231360.0,30000000.0
1244361,Operation Undead,2024-07-20,10.943,3.929,"(27, 28, 53, 10752)","['Horror', 'Action', 'Thriller', 'War']",2024,0.0,0.0
483456,Peacemaker Kurogane: Belief,2018-06-02,10.928,5.125,"(16, 36, 28, 18, 14, 10749)","['Animation', 'History', 'Action', 'Drama', 'Fantasy', 'Romance']",2018,0.0,0.0
89,Indiana Jones and the Last Crusade,1989-05-24,10.9211,7.847,"(12, 28)","['Adventure', 'Action']",1989,474171806.0,48000000.0
220882,London Fields,2018-09-20,10.1292,5.1,"(80, 53)","['Crime', 'Thriller']",2018,487420.0,8000000.0
28,Apocalypse Now,1979-05-19,10.905,8.271,"(18, 10752)","['Drama', 'War']",1979,150000000.0,31500000.0
588648,Dragonkeeper,2024-04-11,10.17,7.678,"(16, 10751, 28, 12, 14)","['Animation', 'Family', 'Action', 'Adventure', 'Fantasy']",2024,6206231.0,25600000.0
1462199,How to Tame a Silver Fox,2025-04-07,10.6413,6.6,"(10749, 35)","['Romance', 'Comedy']",2025,0.0,0.0
374720,Dunkirk,2017-07-19,10.3735,7.451,"(10752, 28, 18)","['War', 'Action', 'Drama']",2017,527000000.0,150000000.0
870360,The Day the Earth Blew Up: A Looney Tunes Movie,2024-08-01,10.8439,7.5,"(10751, 35, 12, 16, 878)","['Family', 'Comedy', 'Adventure', 'Animation', 'Science Fiction']",2024,12641938.0,15000000.0
1100287,Making of The Last of Us,2023-03-12,10.8437,6.8,"(99,)",['Documentary'],2023,0.0,0.0
76338,Thor: The Dark World,2013-10-30,10.8351,6.516,"(28, 12, 14)","['Action', 'Adventure', 'Fantasy']",2013,644783140.0,170000000.0
1359,American Psycho,2000-04-13,10.8295,7.403,"(53, 18, 80)","['Thriller', 'Drama', 'Crime']",2000,34300000.0,7000000.0
3933,Corpse Bride,2005-09-12,10.8191,7.578,"(10749, 14, 16)","['Romance', 'Fantasy', 'Animation']",2005,118133252.0,40000000.0
4951,10 Things I Hate About You,1999-03-30,10.8036,7.594,"(35, 10749, 18)","['Comedy', 'Romance', 'Drama']",1999,53478166.0,16000000.0
18240,The Proposal,2009-06-02,10.7813,7.153,"(35, 10749, 18)","['Comedy', 'Romance', 'Drama']",2009,317400000.0,40000000.0
1091,The Thing,1982-06-25,10.7765,8.068,"(27, 9648, 878)","['Horror', 'Mystery', 'Science Fiction']",1982,19629760.0,15000000.0
396422,Annabelle: Creation,2017-08-03,10.7667,6.6,"(27,)",['Horror'],2017,306592201.0,15000000.0
57158,The Hobbit: The Desolation of Smaug,2013-12-11,10.7551,7.57,"(14, 12, 28)","['Fantasy', 'Adventure', 'Action']",2013,958400000.0,250000000.0
207,Dead Poets Society,1989-06-02,10.7285,8.302,"(18,)",['Drama'],1989,235900000.0,16400000.0
1771,Captain America: The First Avenger,2011-07-22,10.717,7.001,"(28, 12, 878)","['Action', 'Adventure', 'Science Fiction']",2011,370569774.0,140000000.0
334541,Manchester by the Sea,2016-11-17,10.7039,7.547,"(18,)",['Drama'],2016,79000000.0,9000000.0
974950,Emilia Pérez,2024-08-21,10.6616,6.674,"(18, 53)","['Drama', 'Thriller']",2024,16302703.0,26000000.0
50270,Paprika,1991-02-13,10.6566,7.1,"(18,)",['Drama'],1991,0.0,0.0
1892,Return of the Jedi,1983-05-25,10.5795,7.9,"(12, 28, 878)","['Adventure', 'Action', 'Science Fiction']",1983,572700000.0,32350000.0
1145725,Tyler Perry's Duplicity,2025-03-19,10.5716,6.6,"(53, 18)","['Thriller', 'Drama']",2025,0.0,0.0
21972,Like Mike,2002-07-03,8.902,6.091,"(10751, 35, 14)","['Family', 'Comedy', 'Fantasy']",2002,62300000.0,30000000.0
1222064,River of Blood,2024-08-29,10.7874,5.979,"(27, 53)","['Horror', 'Thriller']",2024,0.0,0.0
39513,Paul,2011-02-14,10.4473,6.733,"(12, 35, 878)","['Adventure', 'Comedy', 'Science Fiction']",2011,98000000.0,40000000.0
1100856,Whisper of the Witch,2024-06-13,10.7994,6.5,"(27, 53)","['Horror', 'Thriller']",2024,0.0,0.0
677179,Creed III,2023-03-01,9.7748,7.112,"(18, 28)","['Drama', 'Action']",2023,275300000.0,75000000.0
399566,Godzilla vs. Kong,2021-03-24,10.4527,7.574,"(28, 878, 12)","['Action', 'Science Fiction', 'Adventure']",2021,470116094.0,200000000.0
13183,Watchmen,2009-03-04,10.0716,7.337,"(9648, 28, 878)","['Mystery', 'Action', 'Science Fiction']",2009,185258983.0,130000000.0
98566,Teenage Mutant Ninja Turtles,2014-08-07,10.116,5.913,"(878, 28, 12, 35)","['Science Fiction', 'Action', 'Adventure', 'Comedy']",2014,485004754.0,125000000.0
594767,Shazam! Fury of the Gods,2023-03-15,9.7939,6.48,"(35, 28, 14)","['Comedy', 'Action', 'Fantasy']",2023,134038006.0,125000000.0
805320,Bird Box Barcelona,2023-07-14,9.9298,5.921,"(53, 878, 27)","['Thriller', 'Science Fiction', 'Horror']",2023,0.0,19800000.0
100402,Captain America: The Winter Soldier,2014-03-20,9.1466,7.655,"(28, 12, 878)","['Action', 'Adventure', 'Science Fiction']",2014,714766572.0,170000000.0
1186532,The Forge,2024-08-22,9.1386,8.328,"(18, 10751)","['Drama', 'Family']",2024,40392664.0,5000000.0
1135869,Salome,2023-05-13,10.4594,10.0,"(18, 10749)","['Drama', 'Romance']",2023,0.0,0.0
781732,Animal,2023-12-01,10.4439,6.275,"(28, 80, 18)","['Action', 'Crime', 'Drama']",2023,108300000.0,13000000.0
1079091,It Ends with Us,2024-08-07,10.4426,7.031,"(18, 10749)","['Drama', 'Romance']",2024,350993761.0,25000000.0
18239,The Twilight Saga: New Moon,2009-11-18,10.4245,5.992,"(12, 14, 18, 10749)","['Adventure', 'Fantasy', 'Drama', 'Romance']",2009,709827462.0,50000000.0
1412113,Squid Game: Making Season 2,2025-01-02,10.405,8.5,"(99,)",['Documentary'],2025,0.0,0.0
162,Edward Scissorhands,1990-12-07,10.3942,7.716,"(14, 18, 10749)","['Fantasy', 'Drama', 'Romance']",1990,86024005.0,20000000.0
377579,Gatao,2015-07-05,10.3926,5.0,"(80, 28)","['Crime', 'Action']",2015,2546192.0,0.0
630,The Wizard of Oz,1939-08-15,10.3843,7.6,"(12, 14, 10751)","['Adventure', 'Fantasy', 'Family']",1939,33754967.0,2777000.0
232672,Blended,2014-05-21,10.3297,6.886,"(35, 10749)","['Comedy', 'Romance']",2014,128000000.0,40000000.0
9487,A Bug's Life,1998-11-25,10.3255,6.972,"(10751, 16, 12, 35)","['Family', 'Animation', 'Adventure', 'Comedy']",1998,363258859.0,80000000.0
763215,Damsel,2024-03-07,10.3081,7.022,"(14, 28, 12)","['Fantasy', 'Action', 'Adventure']",2024,5000.0,60000000.0
49013,Cars 2,2011-06-11,10.3073,6.147,"(16, 10751, 12, 35)","['Animation', 'Family', 'Adventure', 'Comedy']",2011,559852396.0,200000000.0
1201012,Dhoom Dhaam,2025-02-13,10.2705,6.679,"(35, 10749, 28)","['Comedy', 'Romance', 'Action']",2025,0.0,0.0
592983,Spellbound,2024-11-22,10.2698,6.725,"(16, 14, 10751, 12, 35)","['Animation', 'Fantasy', 'Family', 'Adventure', 'Comedy']",2024,0.0,0.0
705862,Red,2020-02-21,10.2524,4.7,"(10749,)",['Romance'],2020,0.0,0.0
124905,Godzilla,2014-05-14,10.2484,6.345,"(28, 18, 878)","['Action', 'Drama', 'Science Fiction']",2014,524978362.0,160000000.0
9323,Ghost in the Shell,1995-11-18,10.2165,7.9,"(28, 16, 878)","['Action', 'Animation', 'Science Fiction']",1995,10000000.0,3000000.0
73861,A Serbian Film,2010-06-16,10.17,5.461,"(80, 27, 53)","['Crime', 'Horror', 'Thriller']",2010,0.0,0.0
1144932,Queen of the Ring,2025-03-07,10.118,7.3,"(18,)",['Drama'],2025,0.0,0.0
1136867,Materialists,2025-06-11,10.0494,0.0,"(10749, 18, 35)","['Romance', 'Drama', 'Comedy']",2025,0.0,0.0
120467,The Grand Budapest Hotel,2014-02-26,9.7986,8.042,"(35, 18)","['Comedy', 'Drama']",2014,174600318.0,30000000.0
153104,Wicked Minds,2003-03-01,12.2292,6.43,"(9648, 18, 10749, 53)","['Mystery', 'Drama', 'Romance', 'Thriller']",2003,0.0,0.0
11970,Hercules,1997-06-13,10.0383,7.498,"(16, 10751, 14, 12, 35, 10749)","['Animation', 'Family', 'Fantasy', 'Adventure', 'Comedy', 'Romance']",1997,252712101.0,85000000.0
23168,The Town,2010-09-15,10.033,7.218,"(80, 18, 53)","['Crime', 'Drama', 'Thriller']",2010,154026136.0,37000000.0
2142,Cop Land,1997-08-15,10.0282,6.786,"(80, 18, 53)","['Crime', 'Drama', 'Thriller']",1997,44862187.0,15000000.0
399579,Alita: Battle Angel,2019-01-31,8.6846,7.24,"(28, 878, 12)","['Action', 'Science Fiction', 'Adventure']",2019,405000000.0,170000000.0
1079485,Winnie-the-Pooh: Blood and Honey 2,2024-03-26,9.9983,5.996,"(27, 53)","['Horror', 'Thriller']",2024,7582541.0,500000.0
9802,The Rock,1996-06-07,9.6284,7.131,"(28, 12, 53)","['Action', 'Adventure', 'Thriller']",1996,335062621.0,75000000.0
334543,Lion,2016-11-24,9.8644,8.047,"(18,)",['Drama'],2016,140312928.0,12000000.0
509,Notting Hill,1999-05-21,9.8508,7.3,"(10749, 35)","['Romance', 'Comedy']",1999,363889678.0,42000000.0
11969,Tombstone,1993-12-25,9.8113,7.6,"(37, 28)","['Western', 'Action']",1993,56500000.0,25000000.0
1190462,Breathing In,2023-10-18,9.7598,4.969,"(27, 53, 18)","['Horror', 'Thriller', 'Drama']",2023,0.0,0.0
996821,You're Cordially Invited,2025-01-29,9.7478,5.886,"(35,)",['Comedy'],2025,0.0,0.0
558449,Gladiator II,2024-11-13,43.5733,6.741,"(28, 12, 18)","['Action', 'Adventure', 'Drama']",2024,458718000.0,310000000.0
1022789,Inside Out 2,2024-06-11,43.5532,7.557,"(16, 12, 35, 10751)","['Animation', 'Adventure', 'Comedy', 'Family']",2024,1698863816.0,200000000.0
539972,Kraven the Hunter,2024-12-11,43.5345,6.6,"(28, 12, 53)","['Action', 'Adventure', 'Thriller']",2024,59184643.0,120000000.0
519182,Despicable Me 4,2024-06-20,43.0135,7.045,"(16, 10751, 35, 878)","['Animation', 'Family', 'Comedy', 'Science Fiction']",2024,969280910.0,100000000.0
181812,Star Wars: The Rise of Skywalker,2019-12-18,42.5998,6.3,"(12, 28, 878)","['Adventure', 'Action', 'Science Fiction']",2019,1074144248.0,416000000.0
1076291,Operation Storm,2023-01-17,42.0737,6.5,"(10752, 18)","['War', 'Drama']",2023,0.0,0.0
1064213,Anora,2024-10-14,41.7457,7.0,"(18, 35, 10749)","['Drama', 'Comedy', 'Romance']",2024,56286295.0,6000000.0
402,Basic Instinct,1992-03-20,41.6562,6.933,"(53, 9648)","['Thriller', 'Mystery']",1992,352927224.0,49000000.0
950784,Flame of Recca: Final Burning,2004-06-10,40.6487,9.5,"(16, 28)","['Animation', 'Action']",2004,0.0,0.0
395834,Wind River,2017-08-03,40.1476,7.4,"(80, 9648, 53)","['Crime', 'Mystery', 'Thriller']",2017,44998252.0,11000000.0
1156593,Your Fault,2024-12-26,40.025,7.1,"(10749, 18)","['Romance', 'Drama']",2024,0.0,0.0
1293286,Gunslingers,2025-04-11,39.0118,6.549,"(37, 28)","['Western', 'Action']",2025,0.0,0.0
157336,Interstellar,2014-11-05,38.994,8.455,"(12, 18, 878)","['Adventure', 'Drama', 'Science Fiction']",2014,746606706.0,165000000.0
1232546,Until Dawn,2025-04-23,38.7847,6.263,"(27, 9648)","['Horror', 'Mystery']",2025,44252809.0,15000000.0
823219,Flow,2024-08-29,38.6624,8.196,"(16, 14, 12)","['Animation', 'Fantasy', 'Adventure']",2024,17660107.0,3700000.0
1038392,The Conjuring: Last Rites,2025-09-04,38.6548,0.0,"(27,)",['Horror'],2025,0.0,0.0
126889,Alien: Covenant,2017-05-09,38.5285,6.2,"(878, 27, 53)","['Science Fiction', 'Horror', 'Thriller']",2017,240891763.0,97000000.0
25694,Alice in Wonderland,1933-12-18,9.7151,5.983,"(10751, 14, 35)","['Family', 'Fantasy', 'Comedy']",1933,0.0,0.0
1081012,Aftermath,2024-09-27,9.7127,6.248,"(28, 53)","['Action', 'Thriller']",2024,0.0,0.0
678512,Sound of Freedom,2023-07-03,9.7031,7.991,"(28, 18)","['Action', 'Drama']",2023,250600000.0,14500000.0
820525,After Everything,2023-09-13,9.6819,6.901,"(10749, 18)","['Romance', 'Drama']",2023,10644463.0,14000000.0
341174,Fifty Shades Darker,2017-02-08,9.6496,6.486,"(18, 10749)","['Drama', 'Romance']",2017,381545846.0,55000000.0
429617,Spider-Man: Far From Home,2019-06-28,34.3466,7.41,"(28, 12, 878)","['Action', 'Adventure', 'Science Fiction']",2019,1131927996.0,160000000.0
569094,Spider-Man: Across the Spider-Verse,2023-05-31,35.5206,8.3,"(16, 28, 12, 878)","['Animation', 'Action', 'Adventure', 'Science Fiction']",2023,690897910.0,100000000.0
927342,Amaran,2024-10-31,37.2227,7.383,"(28, 18, 12, 10752)","['Action', 'Drama', 'Adventure', 'War']",2024,39200000.0,14700000.0
36557,Casino Royale,2006-11-14,33.8109,7.558,"(12, 28, 53)","['Adventure', 'Action', 'Thriller']",2006,599045960.0,150000000.0
1125899,Cleaner,2025-02-19,35.9221,6.62,"(28, 53)","['Action', 'Thriller']",2025,1314073.0,0.0
476669,The King's Man,2021-12-22,33.8291,6.747,"(28, 12, 53)","['Action', 'Adventure', 'Thriller']",2021,125897478.0,100000000.0
395990,Death Wish,2018-03-02,32.9135,6.188,"(28, 80, 53, 18)","['Action', 'Crime', 'Thriller', 'Drama']",2018,34017028.0,30000000.0
1011985,Kung Fu Panda 4,2024-03-02,35.4768,7.1,"(16, 10751, 28, 35, 12, 14)","['Animation', 'Family', 'Action', 'Comedy', 'Adventure', 'Fantasy']",2024,548040835.0,80000000.0
760497,The Match,2025-03-26,31.7962,7.12,"(18,)",['Drama'],2025,0.0,0.0
575264,Mission: Impossible - Dead Reckoning Part One,2023-07-08,37.2494,7.5,"(28, 12)","['Action', 'Adventure']",2023,571125435.0,291000000.0
1373723,The Codes of War,2025-03-20,31.1645,6.1,"(28, 10752)","['Action', 'War']",2025,0.0,0.0
138843,The Conjuring,2013-07-18,38.3044,7.54,"(27, 53)","['Horror', 'Thriller']",2013,320415166.0,13000000.0
346698,Barbie,2023-07-19,35.9284,6.974,"(35, 12)","['Comedy', 'Adventure']",2023,1445638421.0,145000000.0
693134,Dune: Part Two,2024-02-27,32.4911,8.146,"(878, 12)","['Science Fiction', 'Adventure']",2024,714444358.0,190000000.0
715287,Stepmom's Desire,2020-05-29,36.0681,6.8,"(18, 10749)","['Drama', 'Romance']",2020,0.0,0.0
1317088,The Assessment,2025-03-21,33.3588,7.056,"(878, 18, 53)","['Science Fiction', 'Drama', 'Thriller']",2025,279328.0,8000000.0
1356039,Counterattack,2025-02-27,34.2179,8.351,"(28, 12, 53)","['Action', 'Adventure', 'Thriller']",2025,0.0,0.0
402431,Wicked,2024-11-20,36.6902,6.9,"(18, 10749, 14)","['Drama', 'Romance', 'Fantasy']",2024,751736617.0,150000000.0
293660,Deadpool,2016-02-09,31.6551,7.622,"(28, 12, 35)","['Action', 'Adventure', 'Comedy']",2016,782837347.0,58000000.0
1061474,Superman,2025-07-09,32.1332,0.0,"(28, 878)","['Action', 'Science Fiction']",2025,0.0,0.0
1097549,Babygirl,2024-12-25,31.5012,5.766,"(18,)",['Drama'],2024,60934894.0,20000000.0
298618,The Flash,2023-06-13,30.2593,6.7,"(12, 28, 878)","['Adventure', 'Action', 'Science Fiction']",2023,271333313.0,220000000.0
1353117,Home Sweet Home: Rebirth,2025-03-20,29.0019,6.314,"(27, 14, 53, 9648, 28)","['Horror', 'Fantasy', 'Thriller', 'Mystery', 'Action']",2025,235.0,0.0
573435,Bad Boys: Ride or Die,2024-06-05,28.946,7.381,"(28, 35, 80, 53, 12)","['Action', 'Comedy', 'Crime', 'Thriller', 'Adventure']",2024,404547819.0,100000000.0
1288070,The Luckiest Man in America,2025-04-04,28.6756,6.5,"(18, 53)","['Drama', 'Thriller']",2025,282000.0,0.0
438631,Dune,2021-09-15,28.0074,7.781,"(878, 12)","['Science Fiction', 'Adventure']",2021,407573628.0,165000000.0
496243,Parasite,2019-05-30,27.9768,8.5,"(35, 53, 18)","['Comedy', 'Thriller', 'Drama']",2019,257591776.0,11363000.0
1433570,Betray: Thirst,2025-05-06,27.8593,0.0,"(18, 10749)","['Drama', 'Romance']",2025,0.0,0.0
393897,EFC,2024-08-20,27.7236,4.5,"(18,)",['Drama'],2024,0.0,0.0
372058,Your Name.,2016-08-26,27.5112,8.483,"(16, 10749, 18)","['Animation', 'Romance', 'Drama']",2016,358000000.0,0.0
808,Shrek,2001-05-18,27.3891,7.751,"(16, 35, 14, 12, 10751)","['Animation', 'Comedy', 'Fantasy', 'Adventure', 'Family']",2001,488628188.0,60000000.0
592695,Pleasure,2021-10-08,27.3293,6.295,"(18,)",['Drama'],2021,393824.0,1800000.0
